file,href,old_label,new_label
avtomatika-ventilyatsii-restorana.html,vytyazhnaya-ventilyatsiya-restorana.html,Vytyazhnaya ventilyatsiya restorana,Вытяжная вентиляция ресторана
avtomatika-ventilyatsii-restorana.html,pritochnaya-ventilyatsiya-restorana.html,Pritochnaya ventilyatsiya restorana,Приточная вентиляция ресторана
avtomatika-ventilyatsii-restorana.html,pritochno-vytyazhnaya-ventilyatsiya-restorana.html,Pritochno vytyazhnaya ventilyatsiya restorana,Приточно-вытяжная вентиляция
avtomatika-ventilyatsii-restorana.html,vytyazhnaya-ventilyatsiya-restorana.html,Vytyazhnaya ventilyatsiya restorana,Вытяжная вентиляция ресторана
avtomatika-ventilyatsii-restorana.html,pritochnaya-ventilyatsiya-restorana.html,Pritochnaya ventilyatsiya restorana,Приточная вентиляция ресторана
avtomatika-ventilyatsii-restorana.html,pritochno-vytyazhnaya-ventilyatsiya-restorana.html,Pritochno vytyazhnaya ventilyatsiya restorana,Приточно-вытяжная вентиляция
chek-list-ventilyatsii-restorana.html,kak-rabotaet-ventilyatsiya-restorana.html,Kak rabotaet ventilyatsiya restorana,Как работает вентиляция ресторана
chek-list-ventilyatsii-restorana.html,chem-otlichaetsya-pritok-ot-vytyazhki.html,Chem otlichaetsya pritok ot vytyazhki,Приток и вытяжка: в чём разница
chek-list-ventilyatsii-restorana.html,pochemu-vytyazhka-ne-tyanet-v-restorane.html,Pochemu vytyazhka ne tyanet v restorane,Почему вытяжка плохо тянет
chek-list-ventilyatsii-restorana.html,kak-rabotaet-ventilyatsiya-restorana.html,Kak rabotaet ventilyatsiya restorana,Как работает вентиляция ресторана
chek-list-ventilyatsii-restorana.html,chem-otlichaetsya-pritok-ot-vytyazhki.html,Chem otlichaetsya pritok ot vytyazhki,Приток и вытяжка: в чём разница
chek-list-ventilyatsii-restorana.html,pochemu-vytyazhka-ne-tyanet-v-restorane.html,Pochemu vytyazhka ne tyanet v restorane,Почему вытяжка плохо тянет
chem-otlichaetsya-pritok-ot-vytyazhki.html,kak-rabotaet-ventilyatsiya-restorana.html,Kak rabotaet ventilyatsiya restorana,Как работает вентиляция ресторана
chem-otlichaetsya-pritok-ot-vytyazhki.html,pochemu-vytyazhka-ne-tyanet-v-restorane.html,Pochemu vytyazhka ne tyanet v restorane,Почему вытяжка плохо тянет
chem-otlichaetsya-pritok-ot-vytyazhki.html,kak-ponyat-chto-nuzhna-chistka-ventilyatsii.html,Kak ponyat chto nuzhna chistka ventilyatsii,Когда нужна чистка вентиляции
chem-otlichaetsya-pritok-ot-vytyazhki.html,kak-rabotaet-ventilyatsiya-restorana.html,Kak rabotaet ventilyatsiya restorana,Как работает вентиляция ресторана
chem-otlichaetsya-pritok-ot-vytyazhki.html,pochemu-vytyazhka-ne-tyanet-v-restorane.html,Pochemu vytyazhka ne tyanet v restorane,Почему вытяжка плохо тянет
chem-otlichaetsya-pritok-ot-vytyazhki.html,kak-ponyat-chto-nuzhna-chistka-ventilyatsii.html,Kak ponyat chto nuzhna chistka ventilyatsii,Когда нужна чистка вентиляции
chistka-ventilyatsii-restoranov.html,zhir-v-vozduhovodah-restorana.html,Zhir v vozduhovodah restorana,Жир в воздуховодах ресторана
chistka-ventilyatsii-restoranov.html,remont-zhirovyh-filtrov-vytyazhki.html,Remont zhirovyh filtrov vytyazhki,Ремонт жировых фильтров вытяжки
chistka-ventilyatsii-restoranov.html,zasorilas-vytyazhka-restorana.html,Zasorilas vytyazhka restorana,Засорилась вытяжка ресторана
chistka-ventilyatsii-restoranov.html,kak-ponyat-chto-nuzhna-chistka-ventilyatsii.html,Kak ponyat chto nuzhna chistka ventilyatsii,Когда нужна чистка вентиляции
chistka-ventilyatsii-restoranov.html,zhir-v-vozduhovodah-restorana.html,Zhir v vozduhovodah restorana,Жир в воздуховодах ресторана
chistka-ventilyatsii-restoranov.html,remont-zhirovyh-filtrov-vytyazhki.html,Remont zhirovyh filtrov vytyazhki,Ремонт жировых фильтров вытяжки
chistka-ventilyatsii-restoranov.html,zasorilas-vytyazhka-restorana.html,Zasorilas vytyazhka restorana,Засорилась вытяжка ресторана
chistka-ventilyatsii-restoranov.html,kak-ponyat-chto-nuzhna-chistka-ventilyatsii.html,Kak ponyat chto nuzhna chistka ventilyatsii,Когда нужна чистка вентиляции
chto-proveryaet-inzhener-ventilyatsii.html,kak-rabotaet-ventilyatsiya-restorana.html,Kak rabotaet ventilyatsiya restorana,Как работает вентиляция ресторана
chto-proveryaet-inzhener-ventilyatsii.html,chem-otlichaetsya-pritok-ot-vytyazhki.html,Chem otlichaetsya pritok ot vytyazhki,Приток и вытяжка: в чём разница
chto-proveryaet-inzhener-ventilyatsii.html,pochemu-vytyazhka-ne-tyanet-v-restorane.html,Pochemu vytyazhka ne tyanet v restorane,Почему вытяжка плохо тянет
chto-proveryaet-inzhener-ventilyatsii.html,kak-rabotaet-ventilyatsiya-restorana.html,Kak rabotaet ventilyatsiya restorana,Как работает вентиляция ресторана
chto-proveryaet-inzhener-ventilyatsii.html,chem-otlichaetsya-pritok-ot-vytyazhki.html,Chem otlichaetsya pritok ot vytyazhki,Приток и вытяжка: в чём разница
chto-proveryaet-inzhener-ventilyatsii.html,pochemu-vytyazhka-ne-tyanet-v-restorane.html,Pochemu vytyazhka ne tyanet v restorane,Почему вытяжка плохо тянет
diagnostika-ventilyatsii-restorana.html,chto-proveryaet-inzhener-ventilyatsii.html,Chto proveryaet inzhener ventilyatsii,Что проверяет инженер вентиляции
diagnostika-ventilyatsii-restorana.html,kak-podgotovitsya-k-vyezdu-mastera-po-ventilyatsii.html,Kak podgotovitsya k vyezdu mastera po ventilyatsii,Как подготовиться к выезду мастера
diagnostika-ventilyatsii-restorana.html,chto-proveryaet-inzhener-ventilyatsii.html,Chto proveryaet inzhener ventilyatsii,Что проверяет инженер вентиляции
diagnostika-ventilyatsii-restorana.html,kak-podgotovitsya-k-vyezdu-mastera-po-ventilyatsii.html,Kak podgotovitsya k vyezdu mastera po ventilyatsii,Как подготовиться к выезду мастера
dym-na-kuhne-restorana.html,zhir-v-vozduhovodah-restorana.html,Zhir v vozduhovodah restorana,Жир в воздуховодах ресторана
dym-na-kuhne-restorana.html,ventilyatsiya-i-gril-v-restorane.html,Ventilyatsiya i gril v restorane,Вентиляция и гриль в ресторане
dym-na-kuhne-restorana.html,mestnaya-vytyazhka-nad-oborudovaniem.html,Mestnaya vytyazhka nad oborudovaniem,Местная вытяжка над оборудованием
dym-na-kuhne-restorana.html,zhir-v-vozduhovodah-restorana.html,Zhir v vozduhovodah restorana,Жир в воздуховодах ресторана
dym-na-kuhne-restorana.html,ventilyatsiya-i-gril-v-restorane.html,Ventilyatsiya i gril v restorane,Вентиляция и гриль в ресторане
dym-na-kuhne-restorana.html,mestnaya-vytyazhka-nad-oborudovaniem.html,Mestnaya vytyazhka nad oborudovaniem,Местная вытяжка над оборудованием
kak-podgotovitsya-k-vyezdu-mastera-po-ventilyatsii.html,kak-rabotaet-ventilyatsiya-restorana.html,Kak rabotaet ventilyatsiya restorana,Как работает вентиляция ресторана
kak-podgotovitsya-k-vyezdu-mastera-po-ventilyatsii.html,chem-otlichaetsya-pritok-ot-vytyazhki.html,Chem otlichaetsya pritok ot vytyazhki,Приток и вытяжка: в чём разница
kak-podgotovitsya-k-vyezdu-mastera-po-ventilyatsii.html,pochemu-vytyazhka-ne-tyanet-v-restorane.html,Pochemu vytyazhka ne tyanet v restorane,Почему вытяжка плохо тянет
kak-podgotovitsya-k-vyezdu-mastera-po-ventilyatsii.html,kak-rabotaet-ventilyatsiya-restorana.html,Kak rabotaet ventilyatsiya restorana,Как работает вентиляция ресторана
kak-podgotovitsya-k-vyezdu-mastera-po-ventilyatsii.html,chem-otlichaetsya-pritok-ot-vytyazhki.html,Chem otlichaetsya pritok ot vytyazhki,Приток и вытяжка: в чём разница
kak-podgotovitsya-k-vyezdu-mastera-po-ventilyatsii.html,pochemu-vytyazhka-ne-tyanet-v-restorane.html,Pochemu vytyazhka ne tyanet v restorane,Почему вытяжка плохо тянет
kak-ponyat-chto-nuzhna-chistka-ventilyatsii.html,kak-rabotaet-ventilyatsiya-restorana.html,Kak rabotaet ventilyatsiya restorana,Как работает вентиляция ресторана
kak-ponyat-chto-nuzhna-chistka-ventilyatsii.html,chem-otlichaetsya-pritok-ot-vytyazhki.html,Chem otlichaetsya pritok ot vytyazhki,Приток и вытяжка: в чём разница
kak-ponyat-chto-nuzhna-chistka-ventilyatsii.html,pochemu-vytyazhka-ne-tyanet-v-restorane.html,Pochemu vytyazhka ne tyanet v restorane,Почему вытяжка плохо тянет
kak-ponyat-chto-nuzhna-chistka-ventilyatsii.html,kak-rabotaet-ventilyatsiya-restorana.html,Kak rabotaet ventilyatsiya restorana,Как работает вентиляция ресторана
kak-ponyat-chto-nuzhna-chistka-ventilyatsii.html,chem-otlichaetsya-pritok-ot-vytyazhki.html,Chem otlichaetsya pritok ot vytyazhki,Приток и вытяжка: в чём разница
kak-ponyat-chto-nuzhna-chistka-ventilyatsii.html,pochemu-vytyazhka-ne-tyanet-v-restorane.html,Pochemu vytyazhka ne tyanet v restorane,Почему вытяжка плохо тянет
kak-rabotaet-ventilyatsiya-restorana.html,chem-otlichaetsya-pritok-ot-vytyazhki.html,Chem otlichaetsya pritok ot vytyazhki,Приток и вытяжка: в чём разница
kak-rabotaet-ventilyatsiya-restorana.html,pochemu-vytyazhka-ne-tyanet-v-restorane.html,Pochemu vytyazhka ne tyanet v restorane,Почему вытяжка плохо тянет
kak-rabotaet-ventilyatsiya-restorana.html,kak-ponyat-chto-nuzhna-chistka-ventilyatsii.html,Kak ponyat chto nuzhna chistka ventilyatsii,Когда нужна чистка вентиляции
kak-rabotaet-ventilyatsiya-restorana.html,chem-otlichaetsya-pritok-ot-vytyazhki.html,Chem otlichaetsya pritok ot vytyazhki,Приток и вытяжка: в чём разница
kak-rabotaet-ventilyatsiya-restorana.html,pochemu-vytyazhka-ne-tyanet-v-restorane.html,Pochemu vytyazhka ne tyanet v restorane,Почему вытяжка плохо тянет
kak-rabotaet-ventilyatsiya-restorana.html,kak-ponyat-chto-nuzhna-chistka-ventilyatsii.html,Kak ponyat chto nuzhna chistka ventilyatsii,Когда нужна чистка вентиляции
kanalnaya-ventilyatsiya-restorana.html,vytyazhnaya-ventilyatsiya-restorana.html,Vytyazhnaya ventilyatsiya restorana,Вытяжная вентиляция ресторана
kanalnaya-ventilyatsiya-restorana.html,pritochnaya-ventilyatsiya-restorana.html,Pritochnaya ventilyatsiya restorana,Приточная вентиляция ресторана
kanalnaya-ventilyatsiya-restorana.html,pritochno-vytyazhnaya-ventilyatsiya-restorana.html,Pritochno vytyazhnaya ventilyatsiya restorana,Приточно-вытяжная вентиляция
kanalnaya-ventilyatsiya-restorana.html,vytyazhnaya-ventilyatsiya-restorana.html,Vytyazhnaya ventilyatsiya restorana,Вытяжная вентиляция ресторана
kanalnaya-ventilyatsiya-restorana.html,pritochnaya-ventilyatsiya-restorana.html,Pritochnaya ventilyatsiya restorana,Приточная вентиляция ресторана
kanalnaya-ventilyatsiya-restorana.html,pritochno-vytyazhnaya-ventilyatsiya-restorana.html,Pritochno vytyazhnaya ventilyatsiya restorana,Приточно-вытяжная вентиляция
kryshnye-ventilyatory-restorana.html,vytyazhnaya-ventilyatsiya-restorana.html,Vytyazhnaya ventilyatsiya restorana,Вытяжная вентиляция ресторана
kryshnye-ventilyatory-restorana.html,pritochnaya-ventilyatsiya-restorana.html,Pritochnaya ventilyatsiya restorana,Приточная вентиляция ресторана
kryshnye-ventilyatory-restorana.html,pritochno-vytyazhnaya-ventilyatsiya-restorana.html,Pritochno vytyazhnaya ventilyatsiya restorana,Приточно-вытяжная вентиляция
kryshnye-ventilyatory-restorana.html,vytyazhnaya-ventilyatsiya-restorana.html,Vytyazhnaya ventilyatsiya restorana,Вытяжная вентиляция ресторана
kryshnye-ventilyatory-restorana.html,pritochnaya-ventilyatsiya-restorana.html,Pritochnaya ventilyatsiya restorana,Приточная вентиляция ресторана
kryshnye-ventilyatory-restorana.html,pritochno-vytyazhnaya-ventilyatsiya-restorana.html,Pritochno vytyazhnaya ventilyatsiya restorana,Приточно-вытяжная вентиляция
mestnaya-vytyazhka-nad-oborudovaniem.html,vytyazhnaya-ventilyatsiya-restorana.html,Vytyazhnaya ventilyatsiya restorana,Вытяжная вентиляция ресторана
mestnaya-vytyazhka-nad-oborudovaniem.html,pritochnaya-ventilyatsiya-restorana.html,Pritochnaya ventilyatsiya restorana,Приточная вентиляция ресторана
mestnaya-vytyazhka-nad-oborudovaniem.html,pritochno-vytyazhnaya-ventilyatsiya-restorana.html,Pritochno vytyazhnaya ventilyatsiya restorana,Приточно-вытяжная вентиляция
mestnaya-vytyazhka-nad-oborudovaniem.html,vytyazhnaya-ventilyatsiya-restorana.html,Vytyazhnaya ventilyatsiya restorana,Вытяжная вентиляция ресторана
mestnaya-vytyazhka-nad-oborudovaniem.html,pritochnaya-ventilyatsiya-restorana.html,Pritochnaya ventilyatsiya restorana,Приточная вентиляция ресторана
mestnaya-vytyazhka-nad-oborudovaniem.html,pritochno-vytyazhnaya-ventilyatsiya-restorana.html,Pritochno vytyazhnaya ventilyatsiya restorana,Приточно-вытяжная вентиляция
obratnaya-tyaga-v-restorane.html,remont-ventilyatora-vytyazhki-restorana.html,Remont ventilyatora vytyazhki restorana,Ремонт вентилятора вытяжки
obratnaya-tyaga-v-restorane.html,ventilyator-vytyazhki-ne-vklyuchaetsya.html,Ventilyator vytyazhki ne vklyuchaetsya,Вентилятор вытяжки не включается
obratnaya-tyaga-v-restorane.html,ventilyator-vytyazhki-vybivaet-avtomat.html,Ventilyator vytyazhki vybivaet avtomat,Вентилятор вытяжки выбивает автомат
obratnaya-tyaga-v-restorane.html,remont-ventilyatora-vytyazhki-restorana.html,Remont ventilyatora vytyazhki restorana,Ремонт вентилятора вытяжки
obratnaya-tyaga-v-restorane.html,ventilyator-vytyazhki-ne-vklyuchaetsya.html,Ventilyator vytyazhki ne vklyuchaetsya,Вентилятор вытяжки не включается
obratnaya-tyaga-v-restorane.html,ventilyator-vytyazhki-vybivaet-avtomat.html,Ventilyator vytyazhki vybivaet avtomat,Вентилятор вытяжки выбивает автомат
obsluzhivanie-ventilyatsii-restoranov.html,kak-ponyat-chto-nuzhna-chistka-ventilyatsii.html,Kak ponyat chto nuzhna chistka ventilyatsii,Когда нужна чистка вентиляции
obsluzhivanie-ventilyatsii-restoranov.html,zhir-v-vozduhovodah-restorana.html,Zhir v vozduhovodah restorana,Жир в воздуховодах ресторана
obsluzhivanie-ventilyatsii-restoranov.html,chto-proveryaet-inzhener-ventilyatsii.html,Chto proveryaet inzhener ventilyatsii,Что проверяет инженер вентиляции
obsluzhivanie-ventilyatsii-restoranov.html,kak-ponyat-chto-nuzhna-chistka-ventilyatsii.html,Kak ponyat chto nuzhna chistka ventilyatsii,Когда нужна чистка вентиляции
obsluzhivanie-ventilyatsii-restoranov.html,zhir-v-vozduhovodah-restorana.html,Zhir v vozduhovodah restorana,Жир в воздуховодах ресторана
obsluzhivanie-ventilyatsii-restoranov.html,chto-proveryaet-inzhener-ventilyatsii.html,Chto proveryaet inzhener ventilyatsii,Что проверяет инженер вентиляции
oshibki-pri-ekspluatatsii-vytyazhki-restorana.html,kak-rabotaet-ventilyatsiya-restorana.html,Kak rabotaet ventilyatsiya restorana,Как работает вентиляция ресторана
oshibki-pri-ekspluatatsii-vytyazhki-restorana.html,chem-otlichaetsya-pritok-ot-vytyazhki.html,Chem otlichaetsya pritok ot vytyazhki,Приток и вытяжка: в чём разница
oshibki-pri-ekspluatatsii-vytyazhki-restorana.html,pochemu-vytyazhka-ne-tyanet-v-restorane.html,Pochemu vytyazhka ne tyanet v restorane,Почему вытяжка плохо тянет
oshibki-pri-ekspluatatsii-vytyazhki-restorana.html,kak-rabotaet-ventilyatsiya-restorana.html,Kak rabotaet ventilyatsiya restorana,Как работает вентиляция ресторана
oshibki-pri-ekspluatatsii-vytyazhki-restorana.html,chem-otlichaetsya-pritok-ot-vytyazhki.html,Chem otlichaetsya pritok ot vytyazhki,Приток и вытяжка: в чём разница
oshibki-pri-ekspluatatsii-vytyazhki-restorana.html,pochemu-vytyazhka-ne-tyanet-v-restorane.html,Pochemu vytyazhka ne tyanet v restorane,Почему вытяжка плохо тянет
parokonvektomat-e02-e07-e10.html,parokonvektomat-rational-e9.html,Rational E9,Ошибка Rational E9
parokonvektomat-e02-e07-e10.html,parokonvektomat-unox-af02-af08.html,Unox AF02 / AF08,Ошибка Unox AF02 / AF08
parokonvektomat-kod-oshibki.html,parokonvektomat-rational-e9.html,Rational E9,Ошибка Rational E9
parokonvektomat-kod-oshibki.html,parokonvektomat-unox-af02-af08.html,Unox AF02 / AF08,Ошибка Unox AF02 / AF08
parokonvektomat-kod-oshibki.html,parokonvektomat-e02-e07-e10.html,E02 / E07 / E10,Ошибка E02 / E07 / E10
parokonvektomat-ne-greet.html,parokonvektomat-rational-e9.html,Rational E9,Ошибка Rational E9
parokonvektomat-ne-greet.html,parokonvektomat-unox-af02-af08.html,Unox AF02 / AF08,Ошибка Unox AF02 / AF08
parokonvektomat-ne-greet.html,parokonvektomat-e02-e07-e10.html,E02 / E07 / E10,Ошибка E02 / E07 / E10
parokonvektomat-net-para.html,parokonvektomat-rational-e9.html,Rational E9,Ошибка Rational E9
parokonvektomat-net-para.html,parokonvektomat-unox-af02-af08.html,Unox AF02 / AF08,Ошибка Unox AF02 / AF08
parokonvektomat-net-para.html,parokonvektomat-e02-e07-e10.html,E02 / E07 / E10,Ошибка E02 / E07 / E10
parokonvektomat-rational-e9.html,parokonvektomat-unox-af02-af08.html,Unox AF02 / AF08,Ошибка Unox AF02 / AF08
parokonvektomat-rational-e9.html,parokonvektomat-e02-e07-e10.html,E02 / E07 / E10,Ошибка E02 / E07 / E10
parokonvektomat-rational.html,parokonvektomat-rational-e9.html,Rational E9,Ошибка Rational E9
parokonvektomat-rational.html,parokonvektomat-unox-af02-af08.html,Unox AF02 / AF08,Ошибка Unox AF02 / AF08
parokonvektomat-rational.html,parokonvektomat-e02-e07-e10.html,E02 / E07 / E10,Ошибка E02 / E07 / E10
parokonvektomat-unox-af02-af08.html,parokonvektomat-rational-e9.html,Rational E9,Ошибка Rational E9
parokonvektomat-unox-af02-af08.html,parokonvektomat-e02-e07-e10.html,E02 / E07 / E10,Ошибка E02 / E07 / E10
parokonvektomat-unox.html,parokonvektomat-unox-af02-af08.html,Unox AF02 / AF08,Ошибка Unox AF02 / AF08
parokonvektomat-unox.html,parokonvektomat-rational-e9.html,Rational E9,Ошибка Rational E9
parokonvektomat-unox.html,parokonvektomat-e02-e07-e10.html,E02 / E07 / E10,Ошибка E02 / E07 / E10
parokonvektomaty-promo.html,parokonvektomat-rational-e9.html,Rational E9,Ошибка Rational E9
parokonvektomaty-promo.html,parokonvektomat-unox-af02-af08.html,Unox AF02 / AF08,Ошибка Unox AF02 / AF08
parokonvektomaty-promo.html,parokonvektomat-e02-e07-e10.html,E02 / E07 / E10,Ошибка E02 / E07 / E10
peregrev-kuhni-restorana.html,remont-ventilyatora-vytyazhki-restorana.html,Remont ventilyatora vytyazhki restorana,Ремонт вентилятора вытяжки
peregrev-kuhni-restorana.html,ventilyator-vytyazhki-ne-vklyuchaetsya.html,Ventilyator vytyazhki ne vklyuchaetsya,Вентилятор вытяжки не включается
peregrev-kuhni-restorana.html,ventilyator-vytyazhki-vybivaet-avtomat.html,Ventilyator vytyazhki vybivaet avtomat,Вентилятор вытяжки выбивает автомат
peregrev-kuhni-restorana.html,remont-ventilyatora-vytyazhki-restorana.html,Remont ventilyatora vytyazhki restorana,Ремонт вентилятора вытяжки
peregrev-kuhni-restorana.html,ventilyator-vytyazhki-ne-vklyuchaetsya.html,Ventilyator vytyazhki ne vklyuchaetsya,Вентилятор вытяжки не включается
peregrev-kuhni-restorana.html,ventilyator-vytyazhki-vybivaet-avtomat.html,Ventilyator vytyazhki vybivaet avtomat,Вентилятор вытяжки выбивает автомат
pochemu-vytyazhka-ne-tyanet-v-restorane.html,kak-rabotaet-ventilyatsiya-restorana.html,Kak rabotaet ventilyatsiya restorana,Как работает вентиляция ресторана
pochemu-vytyazhka-ne-tyanet-v-restorane.html,chem-otlichaetsya-pritok-ot-vytyazhki.html,Chem otlichaetsya pritok ot vytyazhki,Приток и вытяжка: в чём разница
pochemu-vytyazhka-ne-tyanet-v-restorane.html,kak-ponyat-chto-nuzhna-chistka-ventilyatsii.html,Kak ponyat chto nuzhna chistka ventilyatsii,Когда нужна чистка вентиляции
pochemu-vytyazhka-ne-tyanet-v-restorane.html,kak-rabotaet-ventilyatsiya-restorana.html,Kak rabotaet ventilyatsiya restorana,Как работает вентиляция ресторана
pochemu-vytyazhka-ne-tyanet-v-restorane.html,chem-otlichaetsya-pritok-ot-vytyazhki.html,Chem otlichaetsya pritok ot vytyazhki,Приток и вытяжка: в чём разница
pochemu-vytyazhka-ne-tyanet-v-restorane.html,kak-ponyat-chto-nuzhna-chistka-ventilyatsii.html,Kak ponyat chto nuzhna chistka ventilyatsii,Когда нужна чистка вентиляции
posle-remonta-kuhni-ventilyatsiya-huzhe.html,remont-ventilyatora-vytyazhki-restorana.html,Remont ventilyatora vytyazhki restorana,Ремонт вентилятора вытяжки
posle-remonta-kuhni-ventilyatsiya-huzhe.html,ventilyator-vytyazhki-ne-vklyuchaetsya.html,Ventilyator vytyazhki ne vklyuchaetsya,Вентилятор вытяжки не включается
posle-remonta-kuhni-ventilyatsiya-huzhe.html,ventilyator-vytyazhki-vybivaet-avtomat.html,Ventilyator vytyazhki vybivaet avtomat,Вентилятор вытяжки выбивает автомат
posle-remonta-kuhni-ventilyatsiya-huzhe.html,remont-ventilyatora-vytyazhki-restorana.html,Remont ventilyatora vytyazhki restorana,Ремонт вентилятора вытяжки
posle-remonta-kuhni-ventilyatsiya-huzhe.html,ventilyator-vytyazhki-ne-vklyuchaetsya.html,Ventilyator vytyazhki ne vklyuchaetsya,Вентилятор вытяжки не включается
posle-remonta-kuhni-ventilyatsiya-huzhe.html,ventilyator-vytyazhki-vybivaet-avtomat.html,Ventilyator vytyazhki vybivaet avtomat,Вентилятор вытяжки выбивает автомат
pritochnaya-ventilyatsiya-restorana.html,vytyazhnaya-ventilyatsiya-restorana.html,Vytyazhnaya ventilyatsiya restorana,Вытяжная вентиляция ресторана
pritochnaya-ventilyatsiya-restorana.html,pritochno-vytyazhnaya-ventilyatsiya-restorana.html,Pritochno vytyazhnaya ventilyatsiya restorana,Приточно-вытяжная вентиляция
pritochnaya-ventilyatsiya-restorana.html,mestnaya-vytyazhka-nad-oborudovaniem.html,Mestnaya vytyazhka nad oborudovaniem,Местная вытяжка над оборудованием
pritochnaya-ventilyatsiya-restorana.html,vytyazhnaya-ventilyatsiya-restorana.html,Vytyazhnaya ventilyatsiya restorana,Вытяжная вентиляция ресторана
pritochnaya-ventilyatsiya-restorana.html,pritochno-vytyazhnaya-ventilyatsiya-restorana.html,Pritochno vytyazhnaya ventilyatsiya restorana,Приточно-вытяжная вентиляция
pritochnaya-ventilyatsiya-restorana.html,mestnaya-vytyazhka-nad-oborudovaniem.html,Mestnaya vytyazhka nad oborudovaniem,Местная вытяжка над оборудованием
pritochno-vytyazhnaya-ventilyatsiya-restorana.html,vytyazhnaya-ventilyatsiya-restorana.html,Vytyazhnaya ventilyatsiya restorana,Вытяжная вентиляция ресторана
pritochno-vytyazhnaya-ventilyatsiya-restorana.html,pritochnaya-ventilyatsiya-restorana.html,Pritochnaya ventilyatsiya restorana,Приточная вентиляция ресторана
pritochno-vytyazhnaya-ventilyatsiya-restorana.html,mestnaya-vytyazhka-nad-oborudovaniem.html,Mestnaya vytyazhka nad oborudovaniem,Местная вытяжка над оборудованием
pritochno-vytyazhnaya-ventilyatsiya-restorana.html,vytyazhnaya-ventilyatsiya-restorana.html,Vytyazhnaya ventilyatsiya restorana,Вытяжная вентиляция ресторана
pritochno-vytyazhnaya-ventilyatsiya-restorana.html,pritochnaya-ventilyatsiya-restorana.html,Pritochnaya ventilyatsiya restorana,Приточная вентиляция ресторана
pritochno-vytyazhnaya-ventilyatsiya-restorana.html,mestnaya-vytyazhka-nad-oborudovaniem.html,Mestnaya vytyazhka nad oborudovaniem,Местная вытяжка над оборудованием
remont-pritochnoj-ventilyatsii-restorana.html,pritochnaya-ventilyatsiya-restorana.html,Pritochnaya ventilyatsiya restorana,Приточная вентиляция ресторана
remont-pritochnoj-ventilyatsii-restorana.html,slabyj-pritok-vozduha-restoran.html,Slabyj pritok vozduha restoran,Слабый приток воздуха
remont-pritochnoj-ventilyatsii-restorana.html,pritochno-vytyazhnaya-ventilyatsiya-restorana.html,Pritochno vytyazhnaya ventilyatsiya restorana,Приточно-вытяжная вентиляция
remont-pritochnoj-ventilyatsii-restorana.html,peregrev-kuhni-restorana.html,Peregrev kuhni restorana,Перегрев кухни ресторана
remont-pritochnoj-ventilyatsii-restorana.html,pritochnaya-ventilyatsiya-restorana.html,Pritochnaya ventilyatsiya restorana,Приточная вентиляция ресторана
remont-pritochnoj-ventilyatsii-restorana.html,slabyj-pritok-vozduha-restoran.html,Slabyj pritok vozduha restoran,Слабый приток воздуха
remont-pritochnoj-ventilyatsii-restorana.html,pritochno-vytyazhnaya-ventilyatsiya-restorana.html,Pritochno vytyazhnaya ventilyatsiya restorana,Приточно-вытяжная вентиляция
remont-pritochnoj-ventilyatsii-restorana.html,peregrev-kuhni-restorana.html,Peregrev kuhni restorana,Перегрев кухни ресторана
remont-ventilyatora-vytyazhki-restorana.html,ventilyator-vytyazhki-ne-vklyuchaetsya.html,Ventilyator vytyazhki ne vklyuchaetsya,Вентилятор вытяжки не включается
remont-ventilyatora-vytyazhki-restorana.html,ventilyator-vytyazhki-vybivaet-avtomat.html,Ventilyator vytyazhki vybivaet avtomat,Вентилятор вытяжки выбивает автомат
remont-ventilyatora-vytyazhki-restorana.html,remont-vozduhovodov-restorana.html,Remont vozduhovodov restorana,Ремонт воздуховодов ресторана
remont-ventilyatora-vytyazhki-restorana.html,ventilyator-vytyazhki-ne-vklyuchaetsya.html,Ventilyator vytyazhki ne vklyuchaetsya,Вентилятор вытяжки не включается
remont-ventilyatora-vytyazhki-restorana.html,ventilyator-vytyazhki-vybivaet-avtomat.html,Ventilyator vytyazhki vybivaet avtomat,Вентилятор вытяжки выбивает автомат
remont-ventilyatora-vytyazhki-restorana.html,remont-vozduhovodov-restorana.html,Remont vozduhovodov restorana,Ремонт воздуховодов ресторана
remont-ventilyatsii-restoranov.html,avtomatika-ventilyatsii-restorana.html,Avtomatika ventilyatsii restorana,Автоматика вентиляции ресторана
remont-ventilyatsii-restoranov.html,avtomatika-ventilyatsii-restorana.html,Avtomatika ventilyatsii restorana,Автоматика вентиляции ресторана
remont-vozduhovodov-restorana.html,remont-ventilyatora-vytyazhki-restorana.html,Remont ventilyatora vytyazhki restorana,Ремонт вентилятора вытяжки
remont-vozduhovodov-restorana.html,ventilyator-vytyazhki-ne-vklyuchaetsya.html,Ventilyator vytyazhki ne vklyuchaetsya,Вентилятор вытяжки не включается
remont-vozduhovodov-restorana.html,ventilyator-vytyazhki-vybivaet-avtomat.html,Ventilyator vytyazhki vybivaet avtomat,Вентилятор вытяжки выбивает автомат
remont-vozduhovodov-restorana.html,remont-ventilyatora-vytyazhki-restorana.html,Remont ventilyatora vytyazhki restorana,Ремонт вентилятора вытяжки
remont-vozduhovodov-restorana.html,ventilyator-vytyazhki-ne-vklyuchaetsya.html,Ventilyator vytyazhki ne vklyuchaetsya,Вентилятор вытяжки не включается
remont-vozduhovodov-restorana.html,ventilyator-vytyazhki-vybivaet-avtomat.html,Ventilyator vytyazhki vybivaet avtomat,Вентилятор вытяжки выбивает автомат
remont-vytyazhki-restorana.html,remont-ventilyatora-vytyazhki-restorana.html,Remont ventilyatora vytyazhki restorana,Ремонт вентилятора вытяжки
remont-vytyazhki-restorana.html,remont-ventilyatora-vytyazhki-restorana.html,Remont ventilyatora vytyazhki restorana,Ремонт вентилятора вытяжки
remont-zhirovyh-filtrov-vytyazhki.html,remont-ventilyatora-vytyazhki-restorana.html,Remont ventilyatora vytyazhki restorana,Ремонт вентилятора вытяжки
remont-zhirovyh-filtrov-vytyazhki.html,ventilyator-vytyazhki-ne-vklyuchaetsya.html,Ventilyator vytyazhki ne vklyuchaetsya,Вентилятор вытяжки не включается
remont-zhirovyh-filtrov-vytyazhki.html,ventilyator-vytyazhki-vybivaet-avtomat.html,Ventilyator vytyazhki vybivaet avtomat,Вентилятор вытяжки выбивает автомат
remont-zhirovyh-filtrov-vytyazhki.html,remont-ventilyatora-vytyazhki-restorana.html,Remont ventilyatora vytyazhki restorana,Ремонт вентилятора вытяжки
remont-zhirovyh-filtrov-vytyazhki.html,ventilyator-vytyazhki-ne-vklyuchaetsya.html,Ventilyator vytyazhki ne vklyuchaetsya,Вентилятор вытяжки не включается
remont-zhirovyh-filtrov-vytyazhki.html,ventilyator-vytyazhki-vybivaet-avtomat.html,Ventilyator vytyazhki vybivaet avtomat,Вентилятор вытяжки выбивает автомат
shumit-vytyazhka-restorana.html,remont-ventilyatora-vytyazhki-restorana.html,Remont ventilyatora vytyazhki restorana,Ремонт вентилятора вытяжки
shumit-vytyazhka-restorana.html,kanalnaya-ventilyatsiya-restorana.html,Kanalnaya ventilyatsiya restorana,Канальная вентиляция ресторана
shumit-vytyazhka-restorana.html,kryshnye-ventilyatory-restorana.html,Kryshnye ventilyatory restorana,Крышные вентиляторы ресторана
shumit-vytyazhka-restorana.html,remont-ventilyatora-vytyazhki-restorana.html,Remont ventilyatora vytyazhki restorana,Ремонт вентилятора вытяжки
shumit-vytyazhka-restorana.html,kanalnaya-ventilyatsiya-restorana.html,Kanalnaya ventilyatsiya restorana,Канальная вентиляция ресторана
shumit-vytyazhka-restorana.html,kryshnye-ventilyatory-restorana.html,Kryshnye ventilyatory restorana,Крышные вентиляторы ресторана
slabyj-pritok-vozduha-restoran.html,remont-ventilyatora-vytyazhki-restorana.html,Remont ventilyatora vytyazhki restorana,Ремонт вентилятора вытяжки
slabyj-pritok-vozduha-restoran.html,ventilyator-vytyazhki-ne-vklyuchaetsya.html,Ventilyator vytyazhki ne vklyuchaetsya,Вентилятор вытяжки не включается
slabyj-pritok-vozduha-restoran.html,ventilyator-vytyazhki-vybivaet-avtomat.html,Ventilyator vytyazhki vybivaet avtomat,Вентилятор вытяжки выбивает автомат
slabyj-pritok-vozduha-restoran.html,remont-ventilyatora-vytyazhki-restorana.html,Remont ventilyatora vytyazhki restorana,Ремонт вентилятора вытяжки
slabyj-pritok-vozduha-restoran.html,ventilyator-vytyazhki-ne-vklyuchaetsya.html,Ventilyator vytyazhki ne vklyuchaetsya,Вентилятор вытяжки не включается
slabyj-pritok-vozduha-restoran.html,ventilyator-vytyazhki-vybivaet-avtomat.html,Ventilyator vytyazhki vybivaet avtomat,Вентилятор вытяжки выбивает автомат
techet-kondensat-iz-ventilyatsii.html,remont-ventilyatora-vytyazhki-restorana.html,Remont ventilyatora vytyazhki restorana,Ремонт вентилятора вытяжки
techet-kondensat-iz-ventilyatsii.html,ventilyator-vytyazhki-ne-vklyuchaetsya.html,Ventilyator vytyazhki ne vklyuchaetsya,Вентилятор вытяжки не включается
techet-kondensat-iz-ventilyatsii.html,ventilyator-vytyazhki-vybivaet-avtomat.html,Ventilyator vytyazhki vybivaet avtomat,Вентилятор вытяжки выбивает автомат
techet-kondensat-iz-ventilyatsii.html,remont-ventilyatora-vytyazhki-restorana.html,Remont ventilyatora vytyazhki restorana,Ремонт вентилятора вытяжки
techet-kondensat-iz-ventilyatsii.html,ventilyator-vytyazhki-ne-vklyuchaetsya.html,Ventilyator vytyazhki ne vklyuchaetsya,Вентилятор вытяжки не включается
techet-kondensat-iz-ventilyatsii.html,ventilyator-vytyazhki-vybivaet-avtomat.html,Ventilyator vytyazhki vybivaet avtomat,Вентилятор вытяжки выбивает автомат
ventilyator-vytyazhki-ne-vklyuchaetsya.html,remont-ventilyatora-vytyazhki-restorana.html,Remont ventilyatora vytyazhki restorana,Ремонт вентилятора вытяжки
ventilyator-vytyazhki-ne-vklyuchaetsya.html,ventilyator-vytyazhki-vybivaet-avtomat.html,Ventilyator vytyazhki vybivaet avtomat,Вентилятор вытяжки выбивает автомат
ventilyator-vytyazhki-ne-vklyuchaetsya.html,remont-vozduhovodov-restorana.html,Remont vozduhovodov restorana,Ремонт воздуховодов ресторана
ventilyator-vytyazhki-ne-vklyuchaetsya.html,remont-ventilyatora-vytyazhki-restorana.html,Remont ventilyatora vytyazhki restorana,Ремонт вентилятора вытяжки
ventilyator-vytyazhki-ne-vklyuchaetsya.html,ventilyator-vytyazhki-vybivaet-avtomat.html,Ventilyator vytyazhki vybivaet avtomat,Вентилятор вытяжки выбивает автомат
ventilyator-vytyazhki-ne-vklyuchaetsya.html,remont-vozduhovodov-restorana.html,Remont vozduhovodov restorana,Ремонт воздуховодов ресторана
ventilyator-vytyazhki-vybivaet-avtomat.html,remont-ventilyatora-vytyazhki-restorana.html,Remont ventilyatora vytyazhki restorana,Ремонт вентилятора вытяжки
ventilyator-vytyazhki-vybivaet-avtomat.html,ventilyator-vytyazhki-ne-vklyuchaetsya.html,Ventilyator vytyazhki ne vklyuchaetsya,Вентилятор вытяжки не включается
ventilyator-vytyazhki-vybivaet-avtomat.html,remont-vozduhovodov-restorana.html,Remont vozduhovodov restorana,Ремонт воздуховодов ресторана
ventilyator-vytyazhki-vybivaet-avtomat.html,remont-ventilyatora-vytyazhki-restorana.html,Remont ventilyatora vytyazhki restorana,Ремонт вентилятора вытяжки
ventilyator-vytyazhki-vybivaet-avtomat.html,ventilyator-vytyazhki-ne-vklyuchaetsya.html,Ventilyator vytyazhki ne vklyuchaetsya,Вентилятор вытяжки не включается
ventilyator-vytyazhki-vybivaet-avtomat.html,remont-vozduhovodov-restorana.html,Remont vozduhovodov restorana,Ремонт воздуховодов ресторана
ventilyatsionnye-zonty-restorana.html,vytyazhnaya-ventilyatsiya-restorana.html,Vytyazhnaya ventilyatsiya restorana,Вытяжная вентиляция ресторана
ventilyatsionnye-zonty-restorana.html,pritochnaya-ventilyatsiya-restorana.html,Pritochnaya ventilyatsiya restorana,Приточная вентиляция ресторана
ventilyatsionnye-zonty-restorana.html,pritochno-vytyazhnaya-ventilyatsiya-restorana.html,Pritochno vytyazhnaya ventilyatsiya restorana,Приточно-вытяжная вентиляция
ventilyatsionnye-zonty-restorana.html,vytyazhnaya-ventilyatsiya-restorana.html,Vytyazhnaya ventilyatsiya restorana,Вытяжная вентиляция ресторана
ventilyatsionnye-zonty-restorana.html,pritochnaya-ventilyatsiya-restorana.html,Pritochnaya ventilyatsiya restorana,Приточная вентиляция ресторана
ventilyatsionnye-zonty-restorana.html,pritochno-vytyazhnaya-ventilyatsiya-restorana.html,Pritochno vytyazhnaya ventilyatsiya restorana,Приточно-вытяжная вентиляция
ventilyatsiya-dark-kitchen.html,ventilyatsiya-kafe.html,Ventilyatsiya kafe,Вентиляция кафе
ventilyatsiya-dark-kitchen.html,ventilyatsiya-stolovoj.html,Ventilyatsiya stolovoj,Вентиляция столовой
ventilyatsiya-dark-kitchen.html,ventilyatsiya-pekarni.html,Ventilyatsiya pekarni,Вентиляция пекарни
ventilyatsiya-dark-kitchen.html,ventilyatsiya-kafe.html,Ventilyatsiya kafe,Вентиляция кафе
ventilyatsiya-dark-kitchen.html,ventilyatsiya-stolovoj.html,Ventilyatsiya stolovoj,Вентиляция столовой
ventilyatsiya-dark-kitchen.html,ventilyatsiya-pekarni.html,Ventilyatsiya pekarni,Вентиляция пекарни
ventilyatsiya-fudkorta.html,ventilyatsiya-kafe.html,Ventilyatsiya kafe,Вентиляция кафе
ventilyatsiya-fudkorta.html,ventilyatsiya-stolovoj.html,Ventilyatsiya stolovoj,Вентиляция столовой
ventilyatsiya-fudkorta.html,ventilyatsiya-pekarni.html,Ventilyatsiya pekarni,Вентиляция пекарни
ventilyatsiya-fudkorta.html,ventilyatsiya-kafe.html,Ventilyatsiya kafe,Вентиляция кафе
ventilyatsiya-fudkorta.html,ventilyatsiya-stolovoj.html,Ventilyatsiya stolovoj,Вентиляция столовой
ventilyatsiya-fudkorta.html,ventilyatsiya-pekarni.html,Ventilyatsiya pekarni,Вентиляция пекарни
ventilyatsiya-i-gril-v-restorane.html,kak-rabotaet-ventilyatsiya-restorana.html,Kak rabotaet ventilyatsiya restorana,Как работает вентиляция ресторана
ventilyatsiya-i-gril-v-restorane.html,chem-otlichaetsya-pritok-ot-vytyazhki.html,Chem otlichaetsya pritok ot vytyazhki,Приток и вытяжка: в чём разница
ventilyatsiya-i-gril-v-restorane.html,pochemu-vytyazhka-ne-tyanet-v-restorane.html,Pochemu vytyazhka ne tyanet v restorane,Почему вытяжка плохо тянет
ventilyatsiya-i-gril-v-restorane.html,kak-rabotaet-ventilyatsiya-restorana.html,Kak rabotaet ventilyatsiya restorana,Как работает вентиляция ресторана
ventilyatsiya-i-gril-v-restorane.html,chem-otlichaetsya-pritok-ot-vytyazhki.html,Chem otlichaetsya pritok ot vytyazhki,Приток и вытяжка: в чём разница
ventilyatsiya-i-gril-v-restorane.html,pochemu-vytyazhka-ne-tyanet-v-restorane.html,Pochemu vytyazhka ne tyanet v restorane,Почему вытяжка плохо тянет
ventilyatsiya-i-holodilnoe-oborudovanie.html,kak-rabotaet-ventilyatsiya-restorana.html,Kak rabotaet ventilyatsiya restorana,Как работает вентиляция ресторана
ventilyatsiya-i-holodilnoe-oborudovanie.html,chem-otlichaetsya-pritok-ot-vytyazhki.html,Chem otlichaetsya pritok ot vytyazhki,Приток и вытяжка: в чём разница
ventilyatsiya-i-holodilnoe-oborudovanie.html,pochemu-vytyazhka-ne-tyanet-v-restorane.html,Pochemu vytyazhka ne tyanet v restorane,Почему вытяжка плохо тянет
ventilyatsiya-i-holodilnoe-oborudovanie.html,kak-rabotaet-ventilyatsiya-restorana.html,Kak rabotaet ventilyatsiya restorana,Как работает вентиляция ресторана
ventilyatsiya-i-holodilnoe-oborudovanie.html,chem-otlichaetsya-pritok-ot-vytyazhki.html,Chem otlichaetsya pritok ot vytyazhki,Приток и вытяжка: в чём разница
ventilyatsiya-i-holodilnoe-oborudovanie.html,pochemu-vytyazhka-ne-tyanet-v-restorane.html,Pochemu vytyazhka ne tyanet v restorane,Почему вытяжка плохо тянет
ventilyatsiya-i-parokonvektomat.html,kak-rabotaet-ventilyatsiya-restorana.html,Kak rabotaet ventilyatsiya restorana,Как работает вентиляция ресторана
ventilyatsiya-i-parokonvektomat.html,chem-otlichaetsya-pritok-ot-vytyazhki.html,Chem otlichaetsya pritok ot vytyazhki,Приток и вытяжка: в чём разница
ventilyatsiya-i-parokonvektomat.html,pochemu-vytyazhka-ne-tyanet-v-restorane.html,Pochemu vytyazhka ne tyanet v restorane,Почему вытяжка плохо тянет
ventilyatsiya-i-parokonvektomat.html,kak-rabotaet-ventilyatsiya-restorana.html,Kak rabotaet ventilyatsiya restorana,Как работает вентиляция ресторана
ventilyatsiya-i-parokonvektomat.html,chem-otlichaetsya-pritok-ot-vytyazhki.html,Chem otlichaetsya pritok ot vytyazhki,Приток и вытяжка: в чём разница
ventilyatsiya-i-parokonvektomat.html,pochemu-vytyazhka-ne-tyanet-v-restorane.html,Pochemu vytyazhka ne tyanet v restorane,Почему вытяжка плохо тянет
ventilyatsiya-i-posudomoechnaya-zona.html,kak-rabotaet-ventilyatsiya-restorana.html,Kak rabotaet ventilyatsiya restorana,Как работает вентиляция ресторана
ventilyatsiya-i-posudomoechnaya-zona.html,chem-otlichaetsya-pritok-ot-vytyazhki.html,Chem otlichaetsya pritok ot vytyazhki,Приток и вытяжка: в чём разница
ventilyatsiya-i-posudomoechnaya-zona.html,pochemu-vytyazhka-ne-tyanet-v-restorane.html,Pochemu vytyazhka ne tyanet v restorane,Почему вытяжка плохо тянет
ventilyatsiya-i-posudomoechnaya-zona.html,kak-rabotaet-ventilyatsiya-restorana.html,Kak rabotaet ventilyatsiya restorana,Как работает вентиляция ресторана
ventilyatsiya-i-posudomoechnaya-zona.html,chem-otlichaetsya-pritok-ot-vytyazhki.html,Chem otlichaetsya pritok ot vytyazhki,Приток и вытяжка: в чём разница
ventilyatsiya-i-posudomoechnaya-zona.html,pochemu-vytyazhka-ne-tyanet-v-restorane.html,Pochemu vytyazhka ne tyanet v restorane,Почему вытяжка плохо тянет
ventilyatsiya-kafe.html,ventilyatsiya-stolovoj.html,Ventilyatsiya stolovoj,Вентиляция столовой
ventilyatsiya-kafe.html,ventilyatsiya-pekarni.html,Ventilyatsiya pekarni,Вентиляция пекарни
ventilyatsiya-kafe.html,ventilyatsiya-dark-kitchen.html,Ventilyatsiya dark kitchen,Вентиляция dark kitchen
ventilyatsiya-kafe.html,ventilyatsiya-stolovoj.html,Ventilyatsiya stolovoj,Вентиляция столовой
ventilyatsiya-kafe.html,ventilyatsiya-pekarni.html,Ventilyatsiya pekarni,Вентиляция пекарни
ventilyatsiya-kafe.html,ventilyatsiya-dark-kitchen.html,Ventilyatsiya dark kitchen,Вентиляция dark kitchen
ventilyatsiya-moechnoj-zony.html,ventilyatsiya-kafe.html,Ventilyatsiya kafe,Вентиляция кафе
ventilyatsiya-moechnoj-zony.html,ventilyatsiya-stolovoj.html,Ventilyatsiya stolovoj,Вентиляция столовой
ventilyatsiya-moechnoj-zony.html,ventilyatsiya-pekarni.html,Ventilyatsiya pekarni,Вентиляция пекарни
ventilyatsiya-moechnoj-zony.html,ventilyatsiya-kafe.html,Ventilyatsiya kafe,Вентиляция кафе
ventilyatsiya-moechnoj-zony.html,ventilyatsiya-stolovoj.html,Ventilyatsiya stolovoj,Вентиляция столовой
ventilyatsiya-moechnoj-zony.html,ventilyatsiya-pekarni.html,Ventilyatsiya pekarni,Вентиляция пекарни
ventilyatsiya-pekarni.html,ventilyatsiya-kafe.html,Ventilyatsiya kafe,Вентиляция кафе
ventilyatsiya-pekarni.html,ventilyatsiya-stolovoj.html,Ventilyatsiya stolovoj,Вентиляция столовой
ventilyatsiya-pekarni.html,ventilyatsiya-dark-kitchen.html,Ventilyatsiya dark kitchen,Вентиляция dark kitchen
ventilyatsiya-pekarni.html,ventilyatsiya-kafe.html,Ventilyatsiya kafe,Вентиляция кафе
ventilyatsiya-pekarni.html,ventilyatsiya-stolovoj.html,Ventilyatsiya stolovoj,Вентиляция столовой
ventilyatsiya-pekarni.html,ventilyatsiya-dark-kitchen.html,Ventilyatsiya dark kitchen,Вентиляция dark kitchen
ventilyatsiya-restorana-ne-tyanet.html,pochemu-vytyazhka-ne-tyanet-v-restorane.html,Pochemu vytyazhka ne tyanet v restorane,Почему вытяжка плохо тянет
ventilyatsiya-restorana-ne-tyanet.html,zasorilas-vytyazhka-restorana.html,Zasorilas vytyazhka restorana,Засорилась вытяжка ресторана
ventilyatsiya-restorana-ne-tyanet.html,slabyj-pritok-vozduha-restoran.html,Slabyj pritok vozduha restoran,Слабый приток воздуха
ventilyatsiya-restorana-ne-tyanet.html,obratnaya-tyaga-v-restorane.html,Obratnaya tyaga v restorane,Обратная тяга в ресторане
ventilyatsiya-restorana-ne-tyanet.html,pochemu-vytyazhka-ne-tyanet-v-restorane.html,Pochemu vytyazhka ne tyanet v restorane,Почему вытяжка плохо тянет
ventilyatsiya-restorana-ne-tyanet.html,zasorilas-vytyazhka-restorana.html,Zasorilas vytyazhka restorana,Засорилась вытяжка ресторана
ventilyatsiya-restorana-ne-tyanet.html,slabyj-pritok-vozduha-restoran.html,Slabyj pritok vozduha restoran,Слабый приток воздуха
ventilyatsiya-restorana-ne-tyanet.html,obratnaya-tyaga-v-restorane.html,Obratnaya tyaga v restorane,Обратная тяга в ресторане
ventilyatsiya-stolovoj.html,ventilyatsiya-kafe.html,Ventilyatsiya kafe,Вентиляция кафе
ventilyatsiya-stolovoj.html,ventilyatsiya-pekarni.html,Ventilyatsiya pekarni,Вентиляция пекарни
ventilyatsiya-stolovoj.html,ventilyatsiya-dark-kitchen.html,Ventilyatsiya dark kitchen,Вентиляция dark kitchen
ventilyatsiya-stolovoj.html,ventilyatsiya-kafe.html,Ventilyatsiya kafe,Вентиляция кафе
ventilyatsiya-stolovoj.html,ventilyatsiya-pekarni.html,Ventilyatsiya pekarni,Вентиляция пекарни
ventilyatsiya-stolovoj.html,ventilyatsiya-dark-kitchen.html,Ventilyatsiya dark kitchen,Вентиляция dark kitchen
vibriruet-ventilyator-vytyazhki.html,remont-ventilyatora-vytyazhki-restorana.html,Remont ventilyatora vytyazhki restorana,Ремонт вентилятора вытяжки
vibriruet-ventilyator-vytyazhki.html,kryshnye-ventilyatory-restorana.html,Kryshnye ventilyatory restorana,Крышные вентиляторы ресторана
vibriruet-ventilyator-vytyazhki.html,ventilyator-vytyazhki-vybivaet-avtomat.html,Ventilyator vytyazhki vybivaet avtomat,Вентилятор вытяжки выбивает автомат
vibriruet-ventilyator-vytyazhki.html,remont-ventilyatora-vytyazhki-restorana.html,Remont ventilyatora vytyazhki restorana,Ремонт вентилятора вытяжки
vibriruet-ventilyator-vytyazhki.html,kryshnye-ventilyatory-restorana.html,Kryshnye ventilyatory restorana,Крышные вентиляторы ресторана
vibriruet-ventilyator-vytyazhki.html,ventilyator-vytyazhki-vybivaet-avtomat.html,Ventilyator vytyazhki vybivaet avtomat,Вентилятор вытяжки выбивает автомат
vytyazhka-restorana-ne-rabotaet.html,ventilyator-vytyazhki-ne-vklyuchaetsya.html,Ventilyator vytyazhki ne vklyuchaetsya,Вентилятор вытяжки не включается
vytyazhka-restorana-ne-rabotaet.html,ventilyator-vytyazhki-vybivaet-avtomat.html,Ventilyator vytyazhki vybivaet avtomat,Вентилятор вытяжки выбивает автомат
vytyazhka-restorana-ne-rabotaet.html,remont-ventilyatora-vytyazhki-restorana.html,Remont ventilyatora vytyazhki restorana,Ремонт вентилятора вытяжки
vytyazhka-restorana-ne-rabotaet.html,avtomatika-ventilyatsii-restorana.html,Avtomatika ventilyatsii restorana,Автоматика вентиляции ресторана
vytyazhka-restorana-ne-rabotaet.html,ventilyator-vytyazhki-ne-vklyuchaetsya.html,Ventilyator vytyazhki ne vklyuchaetsya,Вентилятор вытяжки не включается
vytyazhka-restorana-ne-rabotaet.html,ventilyator-vytyazhki-vybivaet-avtomat.html,Ventilyator vytyazhki vybivaet avtomat,Вентилятор вытяжки выбивает автомат
vytyazhka-restorana-ne-rabotaet.html,remont-ventilyatora-vytyazhki-restorana.html,Remont ventilyatora vytyazhki restorana,Ремонт вентилятора вытяжки
vytyazhka-restorana-ne-rabotaet.html,avtomatika-ventilyatsii-restorana.html,Avtomatika ventilyatsii restorana,Автоматика вентиляции ресторана
vytyazhnaya-ventilyatsiya-restorana.html,pritochnaya-ventilyatsiya-restorana.html,Pritochnaya ventilyatsiya restorana,Приточная вентиляция ресторана
vytyazhnaya-ventilyatsiya-restorana.html,pritochno-vytyazhnaya-ventilyatsiya-restorana.html,Pritochno vytyazhnaya ventilyatsiya restorana,Приточно-вытяжная вентиляция
vytyazhnaya-ventilyatsiya-restorana.html,mestnaya-vytyazhka-nad-oborudovaniem.html,Mestnaya vytyazhka nad oborudovaniem,Местная вытяжка над оборудованием
vytyazhnaya-ventilyatsiya-restorana.html,pritochnaya-ventilyatsiya-restorana.html,Pritochnaya ventilyatsiya restorana,Приточная вентиляция ресторана
vytyazhnaya-ventilyatsiya-restorana.html,pritochno-vytyazhnaya-ventilyatsiya-restorana.html,Pritochno vytyazhnaya ventilyatsiya restorana,Приточно-вытяжная вентиляция
vytyazhnaya-ventilyatsiya-restorana.html,mestnaya-vytyazhka-nad-oborudovaniem.html,Mestnaya vytyazhka nad oborudovaniem,Местная вытяжка над оборудованием
zapah-iz-kuhni-v-zal.html,obratnaya-tyaga-v-restorane.html,Obratnaya tyaga v restorane,Обратная тяга в ресторане
zapah-iz-kuhni-v-zal.html,zhaloby-na-zapah-restorana.html,Zhaloby na zapah restorana,Жалобы на запах из ресторана
zapah-iz-kuhni-v-zal.html,slabyj-pritok-vozduha-restoran.html,Slabyj pritok vozduha restoran,Слабый приток воздуха
zapah-iz-kuhni-v-zal.html,obratnaya-tyaga-v-restorane.html,Obratnaya tyaga v restorane,Обратная тяга в ресторане
zapah-iz-kuhni-v-zal.html,zhaloby-na-zapah-restorana.html,Zhaloby na zapah restorana,Жалобы на запах из ресторана
zapah-iz-kuhni-v-zal.html,slabyj-pritok-vozduha-restoran.html,Slabyj pritok vozduha restoran,Слабый приток воздуха
zasorilas-vytyazhka-restorana.html,remont-ventilyatora-vytyazhki-restorana.html,Remont ventilyatora vytyazhki restorana,Ремонт вентилятора вытяжки
zasorilas-vytyazhka-restorana.html,ventilyator-vytyazhki-ne-vklyuchaetsya.html,Ventilyator vytyazhki ne vklyuchaetsya,Вентилятор вытяжки не включается
zasorilas-vytyazhka-restorana.html,ventilyator-vytyazhki-vybivaet-avtomat.html,Ventilyator vytyazhki vybivaet avtomat,Вентилятор вытяжки выбивает автомат
zasorilas-vytyazhka-restorana.html,remont-ventilyatora-vytyazhki-restorana.html,Remont ventilyatora vytyazhki restorana,Ремонт вентилятора вытяжки
zasorilas-vytyazhka-restorana.html,ventilyator-vytyazhki-ne-vklyuchaetsya.html,Ventilyator vytyazhki ne vklyuchaetsya,Вентилятор вытяжки не включается
zasorilas-vytyazhka-restorana.html,ventilyator-vytyazhki-vybivaet-avtomat.html,Ventilyator vytyazhki vybivaet avtomat,Вентилятор вытяжки выбивает автомат
zhaloby-na-zapah-restorana.html,remont-ventilyatora-vytyazhki-restorana.html,Remont ventilyatora vytyazhki restorana,Ремонт вентилятора вытяжки
zhaloby-na-zapah-restorana.html,ventilyator-vytyazhki-ne-vklyuchaetsya.html,Ventilyator vytyazhki ne vklyuchaetsya,Вентилятор вытяжки не включается
zhaloby-na-zapah-restorana.html,ventilyator-vytyazhki-vybivaet-avtomat.html,Ventilyator vytyazhki vybivaet avtomat,Вентилятор вытяжки выбивает автомат
zhaloby-na-zapah-restorana.html,remont-ventilyatora-vytyazhki-restorana.html,Remont ventilyatora vytyazhki restorana,Ремонт вентилятора вытяжки
zhaloby-na-zapah-restorana.html,ventilyator-vytyazhki-ne-vklyuchaetsya.html,Ventilyator vytyazhki ne vklyuchaetsya,Вентилятор вытяжки не включается
zhaloby-na-zapah-restorana.html,ventilyator-vytyazhki-vybivaet-avtomat.html,Ventilyator vytyazhki vybivaet avtomat,Вентилятор вытяжки выбивает автомат
zhir-v-vozduhovodah-restorana.html,remont-ventilyatora-vytyazhki-restorana.html,Remont ventilyatora vytyazhki restorana,Ремонт вентилятора вытяжки
zhir-v-vozduhovodah-restorana.html,ventilyator-vytyazhki-ne-vklyuchaetsya.html,Ventilyator vytyazhki ne vklyuchaetsya,Вентилятор вытяжки не включается
zhir-v-vozduhovodah-restorana.html,ventilyator-vytyazhki-vybivaet-avtomat.html,Ventilyator vytyazhki vybivaet avtomat,Вентилятор вытяжки выбивает автомат
zhir-v-vozduhovodah-restorana.html,remont-ventilyatora-vytyazhki-restorana.html,Remont ventilyatora vytyazhki restorana,Ремонт вентилятора вытяжки
zhir-v-vozduhovodah-restorana.html,ventilyator-vytyazhki-ne-vklyuchaetsya.html,Ventilyator vytyazhki ne vklyuchaetsya,Вентилятор вытяжки не включается
zhir-v-vozduhovodah-restorana.html,ventilyator-vytyazhki-vybivaet-avtomat.html,Ventilyator vytyazhki vybivaet avtomat,Вентилятор вытяжки выбивает автомат
